{
    "Training Performance": {
        "RMSE": 0.6501668382567869,
        "MAPE": 32.0149917843174,
        "Accuracy": 67.9850082156826
    },
    "Testing Performance": {
        "RMSE": 0.6999670723756849,
        "MAPE": 35.16783620968506,
        "Accuracy": 64.83216379031494
    },
    "Model Name": "Bidirectional_GRU_FF_AVG_TANJUNGPINANG",
    "Bobot": [
        -0.14399054646492004,
        0.04783887043595314,
        0.02602686919271946,
        0.12490347772836685,
        -0.11569815129041672,
        0.17713262140750885,
        0.13964782655239105,
        -0.06603706628084183,
        0.15994615852832794,
        0.05024443566799164,
        0.11254248768091202,
        -0.03406183049082756,
        -0.09025169163942337,
        0.06601179391145706,
        -0.041756123304367065,
        -0.01266407035291195,
        0.06939603388309479,
        -0.1294778436422348,
        -0.0868108868598938,
        -0.10464939475059509,
        0.1113380417227745,
        -0.008678600192070007,
        0.12203637510538101,
        -0.05365128815174103,
        -0.15545012056827545,
        0.11542700976133347,
        0.10042096674442291,
        -0.012498847208917141,
        0.016631213948130608,
        0.17204205691814423,
        -0.033650755882263184,
        0.13936558365821838,
        -0.020029915496706963,
        -0.026667369529604912,
        0.1251848340034485,
        -0.1041308343410492,
        0.03865842893719673,
        -0.11585480719804764,
        -0.11340454965829849,
        -0.0319012813270092,
        0.07218040525913239,
        0.09190885722637177,
        -0.03859012573957443,
        -0.04835183173418045,
        0.05079028382897377,
        0.004418893251568079,
        0.05995836481451988,
        0.00877437461167574,
        0.06803767383098602,
        -0.00020582183788064867,
        -0.04042598605155945,
        -0.14403480291366577,
        -0.0908539742231369,
        -0.08855949342250824,
        -0.04467814043164253,
        -0.018388494849205017,
        -0.13192448019981384,
        -0.09003453701734543,
        -0.05838238447904587,
        0.13147063553333282,
        -0.0493621826171875,
        0.1121724396944046,
        0.12119342386722565,
        -0.14073210954666138,
        0.11615859717130661,
        -0.04556826129555702,
        -0.07270490378141403,
        -0.1472586840391159,
        -0.0032202964648604393,
        -0.07547817379236221,
        0.030186455696821213,
        0.13145098090171814,
        0.17175526916980743,
        0.05112699791789055,
        -0.0657435804605484,
        0.09477470070123672,
        -0.12499620020389557,
        -0.10927534848451614,
        -0.0717768669128418,
        -0.09405723214149475,
        -0.08913888782262802,
        -0.099896140396595,
        -0.030374838039278984,
        -0.10453817248344421,
        0.05271311476826668,
        -0.07211937010288239,
        0.12788867950439453,
        -0.08235260099172592,
        0.06781253963708878,
        -0.016093384474515915,
        -0.07777682691812515,
        0.020629435777664185,
        -0.029681561514735222,
        -0.08204670995473862,
        0.09764377772808075,
        0.04305834323167801,
        0.06278890371322632,
        0.045152448117733,
        -0.2208048701286316,
        -0.23092857003211975,
        0.007944210432469845,
        0.09156952053308487,
        -0.05937439575791359,
        -0.06824955344200134,
        0.06414070725440979,
        -0.12305528670549393,
        0.015897411853075027,
        -0.1477142572402954,
        -0.05652989447116852,
        0.07994028180837631,
        0.021604010835289955,
        0.1017952486872673,
        -0.017809441313147545,
        0.07350059598684311,
        -0.13976435363292694,
        -0.059867192059755325,
        -0.1544138491153717,
        -0.1981273889541626,
        -0.12429105490446091,
        0.11846549808979034,
        -0.11463101953268051,
        -0.0814611166715622,
        0.06042258441448212,
        -0.003780979895964265,
        0.08653602749109268,
        -0.02131832391023636,
        0.05529972165822983,
        0.11292076110839844,
        -0.20363931357860565,
        -0.1427759975194931,
        0.041687238961458206,
        -0.015138390474021435,
        0.04092983528971672,
        -0.14301533997058868,
        -0.14629164338111877,
        -0.17684005200862885,
        -0.040055278688669205,
        0.13190682232379913,
        -0.202545627951622,
        -0.04639054834842682,
        -0.14368294179439545,
        -0.09082923829555511,
        -0.1425759345293045,
        -0.09144828468561172,
        -0.07755080610513687,
        0.004854568745940924,
        -0.19376151263713837,
        0.06037386134266853,
        0.0787954106926918,
        0.030414849519729614,
        -0.016694366931915283,
        0.0583951361477375,
        -0.11171069741249084,
        0.11452318727970123,
        -0.06334957480430603,
        -0.020299945026636124,
        -0.08085799217224121,
        0.08799068629741669,
        0.01903427578508854,
        0.0927376076579094,
        0.07085613906383514,
        0.019038669764995575,
        0.006061124615371227,
        -0.1662413775920868,
        -0.10696238279342651,
        -0.10035522282123566,
        -0.08998391777276993,
        -0.007884548045694828,
        -0.005151011981070042,
        0.0921224057674408,
        0.08990790694952011,
        -0.025792639702558517,
        0.15462787449359894,
        -0.04177556186914444,
        0.14838460087776184,
        -0.10701500624418259,
        0.02368929237127304,
        -0.03456262871623039,
        0.031504955142736435,
        0.12471259385347366,
        -0.022586457431316376,
        0.03185807168483734,
        0.036231379956007004,
        -0.14182303845882416,
        0.06006234139204025,
        -0.0340021550655365,
        -0.024809200316667557,
        0.07045163214206696,
        0.03134573623538017,
        -0.03619232401251793,
        0.08557935804128647,
        -0.0021882171276956797,
        -0.07872579991817474,
        -0.05716879293322563,
        0.04463198781013489,
        0.08393898606300354,
        -0.0646987333893776,
        -0.11434848606586456,
        -0.13456769287586212,
        0.10170071572065353,
        -0.11379086226224899,
        -0.1440427452325821,
        0.13713215291500092,
        0.05592704936861992,
        -0.13335107266902924,
        -0.15130968391895294,
        0.05488119646906853,
        0.11808238178491592,
        -0.14950692653656006,
        -0.031373344361782074,
        -0.013785596936941147,
        -0.010109332390129566,
        0.12327831238508224,
        -0.09067492932081223,
        -0.09557441622018814,
        0.03382791206240654,
        -0.08484064787626266,
        -0.04703553393483162,
        -0.11564049869775772,
        0.027433723211288452,
        0.13578659296035767,
        0.01462613046169281,
        0.15793119370937347,
        0.07230765372514725,
        -0.039031993597745895
    ],