{
    "Training Performance": {
        "RMSE": 1.7390149443262712,
        "MAPE": 22.718567691271673,
        "Accuracy": 77.28143230872833
    },
    "Testing Performance": {
        "RMSE": 1.9361833081670359,
        "MAPE": 24.364805937729173,
        "Accuracy": 75.63519406227083
    },
    "Model Name": "Bidirectional_GRU_FF_X_TANJUNGPINANG",
    "Bobot": [
        0.03649459779262543,
        0.39616861939430237,
        0.11582913994789124,
        0.24694350361824036,
        0.04063863679766655,
        0.02828718163073063,
        0.11271845549345016,
        0.15316176414489746,
        0.30557751655578613,
        0.0443987138569355,
        -0.05213833227753639,
        0.03454279527068138,
        -0.10037354379892349,
        -0.12762746214866638,
        0.46260249614715576,
        -0.010021056048572063,
        0.2736296057701111,
        -0.05893540382385254,
        0.4866468012332916,
        0.3489236533641815,
        0.3613063395023346,
        0.3803369700908661,
        0.1413247436285019,
        0.28125739097595215,
        -0.06638246774673462,
        0.14351266622543335,
        0.09514573216438293,
        0.14901451766490936,
        0.060528334230184555,
        0.5170312523841858,
        0.4750148057937622,
        0.204853817820549,
        0.15366218984127045,
        -0.20132149755954742,
        0.508971631526947,
        0.10586414486169815,
        0.17713207006454468,
        -0.003481516847386956,
        0.21429301798343658,
        0.05073529854416847,
        -0.03541599214076996,
        0.3726859986782074,
        -0.13937367498874664,
        -0.14843301475048065,
        0.19973570108413696,
        0.101484015583992,
        0.04517211392521858,
        0.5683435201644897,
        -0.0014992268988862634,
        -0.051034778356552124,
        -0.21165873110294342,
        -0.021166659891605377,
        0.05690485239028931,
        0.03326300531625748,
        0.5023441314697266,
        -0.02220861054956913,
        0.04700262472033501,
        -0.06272175908088684,
        0.29607832431793213,
        -0.12016650289297104,
        0.052203815430402756,
        0.0499177984893322,
        0.05821194499731064,
        -0.1428820639848709,
        0.13111604750156403,
        0.13430041074752808,
        -0.040492407977581024,
        0.11309737712144852,
        -0.0072977677918970585,
        0.03034568578004837,
        0.06653046607971191,
        -0.15220117568969727,
        -0.013218997046351433,
        -0.07004978507757187,
        -0.021584441885352135,
        0.06884261965751648,
        0.1463875025510788,
        0.017641060054302216,
        -0.17333267629146576,
        0.16678762435913086,
        0.15419238805770874,
        0.013193095102906227,
        -0.27423518896102905,
        0.06243528798222542,
        -0.19275052845478058,
        0.0419791117310524,
        0.0683818832039833,
        -0.20574770867824554,
        0.09406701475381851,
        0.04470236971974373,
        -0.03556237742304802,
        -0.19156765937805176,
        0.07831495255231857,
        0.08564206957817078,
        -0.2192247062921524,
        -0.03036411479115486,
        0.16037875413894653,
        0.07521643489599228,
        -0.17145071923732758,
        0.09857684373855591,
        -0.20882003009319305,
        0.11806073784828186,
        0.06630252301692963,
        -0.10841725766658783,
        0.05437760800123215,
        -0.20264732837677002,
        0.048333462327718735,
        -0.09766639024019241,
        -0.11831901222467422,
        -0.17352330684661865,
        -0.11299595236778259,
        0.07018505036830902,
        -0.10522589087486267,
        0.15410707890987396,
        -0.09315299987792969,
        -0.08128797262907028,
        -0.07243407517671585,
        0.013100732117891312,
        0.06021249666810036,
        -0.0026479146908968687,
        -0.08281003683805466,
        -0.16143378615379333,
        0.024428781121969223,
        -0.031431861221790314,
        -0.20392324030399323,
        0.15009815990924835,
        0.3058592677116394,
        -0.019467083737254143,
        -0.06274963170289993,
        0.10113507509231567,
        0.012376477010548115,
        -0.17154951393604279,
        0.1135767474770546,
        0.05409451946616173,
        0.07239799946546555,
        -0.14623971283435822,
        -0.168108731508255,
        -0.09664908796548843,
        0.008928540162742138,
        0.019445283338427544,
        0.13404522836208344,
        -0.1384173184633255,
        -0.18655447661876678,
        0.0976441502571106,
        0.1516903191804886,
        0.11705326288938522,
        0.1497262865304947,
        -0.19901016354560852,
        -0.09538713842630386,
        -0.16860434412956238,
        0.1384410262107849,
        -0.06486863642930984,
        0.0676489919424057,
        -0.10185780376195908,
        -0.02012842893600464,
        -0.043601006269454956,
        0.054723069071769714,
        0.15317578613758087,
        -0.17924372851848602,
        -0.1748109757900238,
        0.04440544918179512,
        -0.07616078853607178,
        0.13877345621585846,
        0.09725411236286163,
        0.027827387675642967,
        0.11615306884050369,
        0.10692131519317627,
        -0.043847691267728806,
        0.030644243583083153,
        0.11646605283021927,
        0.052497800439596176,
        -0.12738466262817383,
        -0.14118480682373047,
        0.15303564071655273,
        -0.06253059953451157,
        0.08434426039457321,
        0.12142359465360641,
        -0.11931760609149933,
        -0.06345094740390778,
        0.02652290090918541,
        0.04597331956028938,
        0.09074097126722336,
        -0.08876294642686844,
        -0.02051897533237934,
        -0.039374496787786484,
        -0.06263814866542816,
        0.14381085336208344,
        0.07206127047538757,
        0.04573788121342659,
        -0.03828596696257591,
        0.022992324084043503,
        -0.12416210025548935
    ],