{
    "Training Performance": {
        "RMSE": 0.7300696728345044,
        "MAPE": 19.8559718397984,
        "Accuracy": 80.1440281602016
    },
    "Testing Performance": {
        "RMSE": 0.9276246564716648,
        "MAPE": 25.885528938485947,
        "Accuracy": 74.11447106151405
    },
    "Model Name": "Bidirectional_GRU_FF_AVG_ANAMBAS",
    "Bobot": [
        -0.068569615483284,
        -0.11281432211399078,
        0.137945756316185,
        0.09476689249277115,
        -0.16834643483161926,
        -0.025936800986528397,
        -0.11338101327419281,
        -0.12613436579704285,
        -0.02042539045214653,
        -0.14684651792049408,
        -0.13062913715839386,
        0.09005122631788254,
        -0.10311128199100494,
        0.023023217916488647,
        0.1562291532754898,
        0.05633111670613289,
        0.05325279384851456,
        -0.24030454456806183,
        0.01180111151188612,
        -0.006285901181399822,
        -0.09261708706617355,
        -0.05443437397480011,
        0.03994997218251228,
        0.03220409154891968,
        0.11487705260515213,
        0.04203949123620987,
        -0.1679542362689972,
        -0.0585552379488945,
        -0.060072798281908035,
        0.11062556505203247,
        -0.1255231499671936,
        0.10482092201709747,
        0.13868778944015503,
        -0.131676584482193,
        -0.021308813244104385,
        -0.15615282952785492,
        0.08326691389083862,
        -0.11115561425685883,
        -0.013156834058463573,
        0.135976642370224,
        -0.2251519113779068,
        0.019845739006996155,
        0.15584248304367065,
        0.08007900416851044,
        0.027399910613894463,
        0.09223004430532455,
        -0.032488863915205,
        -0.12246677279472351,
        -0.05132896825671196,
        -0.1929229497909546,
        0.1335069239139557,
        0.07905644923448563,
        -0.14855048060417175,
        -0.1353660374879837,
        -0.1095573753118515,
        -0.03847542777657509,
        -0.14860928058624268,
        -0.013494591228663921,
        -0.12361344695091248,
        0.052646711468696594,
        -0.04127451777458191,
        -0.07934131473302841,
        0.10260584950447083,
        -0.09739766269922256,
        -0.1418040245771408,
        -0.15728387236595154,
        0.09016898274421692,
        0.05352430045604706,
        -0.08636481314897537,
        -0.07851700484752655,
        -0.00010131808812730014,
        0.096588633954525,
        0.0025527700781822205,
        0.1016966924071312,
        -0.05420060083270073,
        0.11398444324731827,
        0.09284289181232452,
        -0.11777417361736298,
        0.10450571775436401,
        0.06506948173046112,
        -0.014076333492994308,
        -0.02996281534433365,
        -0.03460833802819252,
        -0.12636081874370575,
        -0.011304344981908798,
        -0.17589028179645538,
        -0.07355362176895142,
        -0.11925745010375977,
        -0.13511289656162262,
        -0.1189458817243576,
        -0.11828871071338654,
        0.05464796721935272,
        -0.08908142149448395,
        -0.15649162232875824,
        -0.0326182059943676,
        -0.1472247987985611,
        -0.1832224726676941,
        -0.10998912900686264,
        -0.045501597225666046,
        -0.021703211590647697,
        0.015518555417656898,
        -0.041428063064813614,
        0.05507774278521538,
        0.06732451915740967,
        -0.03747166693210602,
        0.07338015735149384,
        -0.024414729326963425,
        -0.10158996284008026,
        -0.04101111739873886,
        -0.1434590369462967,
        0.12331870943307877,
        -0.11248641461133957,
        0.14187318086624146,
        0.02594970166683197,
        0.04031393676996231,
        -0.0995292216539383,
        0.09375014156103134,
        0.056346211582422256,
        0.025371748954057693,
        0.04954434186220169,
        -0.14195658266544342,
        -0.12806396186351776,
        -0.07814162224531174,
        -0.05668458715081215,
        -0.025804486125707626,
        0.09886348992586136,
        0.08612765371799469,
        -0.055258627980947495,
        0.0627060979604721,
        -0.0864219069480896,
        0.0814952403306961,
        0.0989961102604866,
        -0.011747673153877258,
        0.028809847310185432,
        0.11441339552402496,
        -0.10244017094373703,
        0.08137380331754684,
        0.08257405459880829,
        0.12316165119409561,
        0.03919880464673042,
        0.04373148828744888,
        -0.16266216337680817,
        -0.07975248992443085,
        0.026845745742321014,
        -0.0942053347826004,
        -0.016944268718361855,
        -0.09363426268100739,
        0.13230514526367188,
        0.06376393884420395,
        -0.19385209679603577,
        0.029918015003204346,
        0.05790553241968155,
        -0.08638503402471542,
        -0.059744104743003845,
        0.024941034615039825,
        0.0973106101155281,
        -0.027629252523183823,
        -0.04598319157958031,
        0.07783319801092148,
        0.07008801400661469,
        -0.13348284363746643,
        -0.06536153703927994,
        0.024792002514004707,
        0.04296010360121727,
        0.06880489736795425,
        -0.04050883650779724,
        -0.04857706278562546,
        -0.08194521814584732,
        -0.11362378299236298,
        0.16828568279743195,
        -0.04820965230464935,
        0.13356973230838776,
        0.04531474784016609,
        -0.10863520205020905,
        -0.06630352884531021,
        -0.08869519829750061,
        0.07828773558139801,
        0.13193070888519287,
        0.11531516164541245,
        0.15137913823127747,
        0.11996588110923767,
        0.04961294308304787,
        0.007527390494942665,
        -0.03151699900627136,
        0.09476444870233536,
        -0.08243465423583984,
        0.015075355768203735,
        0.04134919121861458,
        0.000312259653583169,
        -0.10739823430776596,
        -0.10863049328327179,
        -0.0825519934296608,
        0.0476844422519207,
        -0.015186336822807789,
        0.11192820221185684,
        -0.04350169748067856,
        0.03998587280511856,
        0.07974544167518616,
        0.07803019136190414,
        0.1411212533712387,
        0.11322161555290222,
        -0.13061794638633728,
        0.15606744587421417,
        0.1425347924232483,
        -0.01907019130885601,
        -0.1049276813864708,
        -0.059842050075531006,
        -0.0582738071680069,
        0.12901058793067932,
        -0.02827458269894123,
        -0.10588214546442032,
        0.014158917590975761,
        -0.04100454971194267,
        -0.11537574231624603,
        -0.03155479207634926,
        0.04134051874279976,
        0.07153014838695526,
        0.14838086068630219,
        -0.12442101538181305,
        -0.01741131581366062,
        0.07369004189968109,
        -0.06354062259197235,
        -0.02061585895717144,
        -0.041931141167879105,
        -0.07003648579120636
    ],