{
    "Training Performance": {
        "RMSE": 0.6855719721659916,
        "MAPE": 29.921954640670922,
        "Accuracy": 70.07804535932908
    },
    "Testing Performance": {
        "RMSE": 0.7232102836981333,
        "MAPE": 33.820012636505496,
        "Accuracy": 66.1799873634945
    },
    "Model Name": "Bidirectional_GRU_FF_AVG_TANJUNGPINANG",
    "Bobot": [
        0.14247891306877136,
        -0.08166448026895523,
        -0.10136726498603821,
        0.05144163966178894,
        -0.08763891458511353,
        0.04687681421637535,
        0.18303872644901276,
        0.035305630415678024,
        0.171568363904953,
        -0.10555429011583328,
        -0.13946695625782013,
        -0.09082155674695969,
        -0.13662268221378326,
        -0.10822906345129013,
        -0.00614494364708662,
        0.11057157069444656,
        0.086717389523983,
        0.07021239399909973,
        -0.0048744999803602695,
        -0.12129873782396317,
        0.018475497141480446,
        -0.036352794617414474,
        0.053126245737075806,
        0.1761331856250763,
        -0.13541975617408752,
        0.16132153570652008,
        -0.10542599856853485,
        0.0733846053481102,
        -0.12104786932468414,
        -0.12080126255750656,
        0.07596757262945175,
        0.09306900948286057,
        0.008790196850895882,
        0.10875166207551956,
        0.11914140731096268,
        0.02933185175061226,
        -0.09828078001737595,
        0.11956435441970825,
        -0.08866626024246216,
        0.08669520169496536,
        -0.007313169538974762,
        0.06926528364419937,
        0.11834293603897095,
        -0.011123687960207462,
        -0.10001000761985779,
        0.1497277468442917,
        -0.08445549011230469,
        0.15198591351509094,
        -0.03812282532453537,
        -0.054977692663669586,
        0.13573196530342102,
        0.006933174096047878,
        0.1600830852985382,
        0.09254661202430725,
        -0.012934491969645023,
        0.060416724532842636,
        0.17592832446098328,
        0.12060991674661636,
        -0.12233396619558334,
        -0.00422382028773427,
        0.037090003490448,
        0.07594549655914307,
        0.12378440797328949,
        -0.11927567422389984,
        0.15710441768169403,
        -0.15372303128242493,
        0.07109927386045456,
        -0.0990493893623352,
        -0.10076650232076645,
        -0.03976752236485481,
        0.030509816482663155,
        0.15016236901283264,
        -0.08090634644031525,
        0.15813228487968445,
        -0.06973569095134735,
        -0.14487586915493011,
        -0.15525482594966888,
        -0.011062569916248322,
        -0.15980054438114166,
        -0.07271254062652588,
        -0.08763875812292099,
        0.12136469781398773,
        0.008222267962992191,
        -0.13006652891635895,
        -0.1141442283987999,
        -0.08492361754179001,
        -0.008016849867999554,
        -0.027337616309523582,
        0.10124177485704422,
        0.049040526151657104,
        -0.0247235968708992,
        -0.02179645746946335,
        -0.18305331468582153,
        -0.11788875609636307,
        0.146160289645195,
        -0.010471374727785587,
        0.08077419549226761,
        -0.14510655403137207,
        -0.15129366517066956,
        -0.18327739834785461,
        0.07018075883388519,
        -0.0843576043844223,
        -0.05077812448143959,
        -0.07989158481359482,
        0.08068375289440155,
        0.10545851290225983,
        -0.173582524061203,
        -0.1345425248146057,
        -0.17337603867053986,
        -0.15747612714767456,
        0.10113172233104706,
        -0.14974850416183472,
        -0.07088396698236465,
        0.012137599289417267,
        0.10947808623313904,
        -0.0606863833963871,
        0.12173303216695786,
        -0.192728191614151,
        0.04935232177376747,
        -0.0605987124145031,
        0.08433306217193604,
        -0.17248451709747314,
        -0.16019374132156372,
        -0.025156207382678986,
        -0.13582372665405273,
        -0.02596636861562729,
        0.024547234177589417,
        -0.1543787270784378,
        -0.1364327222108841,
        -0.12334617227315903,
        0.008185469545423985,
        -0.12616997957229614,
        -0.15541326999664307,
        0.07249322533607483,
        0.056578379124403,
        -0.09569267928600311,
        -0.05709688737988472,
        -0.005571927409619093,
        -0.1437119096517563,
        0.052416857331991196,
        0.052714087069034576,
        -0.1278732419013977,
        0.10982376337051392,
        -0.1308615803718567,
        0.056965917348861694,
        -0.09072686731815338,
        -0.14898566901683807,
        0.10116861015558243,
        -0.20515978336334229,
        -0.15362101793289185,
        0.13335002958774567,
        0.07112474739551544,
        -0.08595791459083557,
        -0.0862560123205185,
        0.10939890891313553,
        -0.10693052411079407,
        -0.1059684231877327,
        -0.08181539177894592,
        -0.018728462979197502,
        -0.07684094458818436,
        0.027626806870102882,
        0.03224210441112518,
        0.04905324801802635,
        -0.0948345810174942,
        0.08214199542999268,
        0.02701757475733757,
        -0.08603508025407791,
        -0.014708837494254112,
        -0.07637403160333633,
        0.08083531260490417,
        -0.08986412733793259,
        -0.0029345171060413122,
        0.0508611686527729,
        0.0947791188955307,
        -0.0025472065899521112,
        0.09951967746019363,
        0.07977070659399033,
        0.07113569974899292,
        0.03960486501455307,
        -0.07904908061027527,
        -0.12557052075862885,
        0.04935535416007042,
        0.07611136883497238,
        -0.14132943749427795,
        0.0027568754740059376,
        -0.07980073243379593,
        -0.1399240791797638,
        -0.05516041815280914,
        -0.05682959780097008,
        0.08206100761890411,
        0.002696151612326503,
        -0.036142587661743164,
        -0.07772061973810196,
        0.02874811924993992,
        0.09491618722677231,
        -0.11249129474163055,
        0.060884878039360046,
        -0.06595145910978317,
        -0.0844017043709755,
        0.12732017040252686,
        -0.007918840274214745,
        -0.10897663235664368,
        -0.012881249189376831,
        0.11407840996980667,
        -0.039816658943891525,
        0.045841965824365616,
        -0.1561422348022461,
        0.0861460492014885,
        -0.0721340924501419,
        0.06064624711871147,
        0.014976708218455315,
        0.0170602947473526,
        0.10699153691530228,
        -0.11887351423501968,
        0.148395374417305,
        -0.12643370032310486,
        0.08304840326309204,
        0.040823549032211304,
        0.06115652620792389,
        -0.09169682115316391,
        0.1468670666217804,
        -0.1301649808883667,
        0.11934594810009003,
        -0.10256191343069077,
        -0.021157562732696533
    ],