{
    "Training Performance": {
        "RMSE": 1.738190502016236,
        "MAPE": 23.24782890372578,
        "Accuracy": 76.75217109627422
    },
    "Testing Performance": {
        "RMSE": 1.927224708460605,
        "MAPE": 24.905356628929198,
        "Accuracy": 75.0946433710708
    },
    "Model Name": "Bidirectional_GRU_FF_X_TANJUNGPINANG",
    "Bobot": [
        -0.07166634500026703,
        0.11473044008016586,
        0.15377524495124817,
        0.1826210916042328,
        -0.1521005928516388,
        0.2082442194223404,
        0.09380652010440826,
        0.0851561650633812,
        0.1756710410118103,
        0.1520945280790329,
        0.0032930774614214897,
        -0.08305469900369644,
        -0.02337118238210678,
        0.1867675632238388,
        0.006860365625470877,
        0.12276247143745422,
        -0.014126816764473915,
        -0.13351842761039734,
        0.1673973947763443,
        -0.06067947670817375,
        0.10269622504711151,
        0.1994471400976181,
        -0.14419621229171753,
        0.10205630213022232,
        0.14946292340755463,
        0.009804612025618553,
        0.041234467178583145,
        -0.036481473594903946,
        0.21436361968517303,
        0.12635113298892975,
        0.013064177706837654,
        0.19586890935897827,
        0.02114183083176613,
        0.11217280477285385,
        0.006568160839378834,
        0.15125718712806702,
        0.11519822478294373,
        0.04529256746172905,
        0.028795208781957626,
        -0.04577423632144928,
        0.12633194029331207,
        -0.03346456214785576,
        0.2009342908859253,
        0.07220263034105301,
        0.24260801076889038,
        0.03247470036149025,
        0.012284920550882816,
        -0.017069371417164803,
        0.04967061057686806,
        0.18005284667015076,
        0.14299678802490234,
        -0.10404481738805771,
        -0.0861516073346138,
        -0.0578402504324913,
        0.022027764469385147,
        0.02059086412191391,
        -0.010602249763906002,
        0.08116365224123001,
        0.0425943024456501,
        0.10476274788379669,
        0.041495755314826965,
        0.23463651537895203,
        0.1270114630460739,
        -0.03552035614848137,
        -0.05452055484056473,
        -0.051992665976285934,
        0.2969397306442261,
        0.139129176735878,
        0.06540799885988235,
        0.043313104659318924,
        0.09192678332328796,
        0.010185370221734047,
        0.1459578424692154,
        0.053356483578681946,
        0.12747006118297577,
        -0.14705418050289154,
        0.07447925955057144,
        -0.011732243932783604,
        0.03484730049967766,
        -0.010257182642817497,
        -0.09037267416715622,
        -0.1612631380558014,
        -0.06417136639356613,
        -0.15632666647434235,
        -0.1634272187948227,
        -0.1641131490468979,
        -0.09912168234586716,
        0.31165072321891785,
        -0.00040237040957435966,
        -0.10841634124517441,
        0.018329061567783356,
        0.09240378439426422,
        -0.07894232124090195,
        0.06494226306676865,
        0.2183157056570053,
        -0.0863277018070221,
        -0.04428117722272873,
        -0.1807912141084671,
        -0.04016600176692009,
        -0.07542625069618225,
        0.05668745934963226,
        0.13443639874458313,
        -0.16324950754642487,
        -0.06814131140708923,
        0.0686190202832222,
        -0.09965987503528595,
        -0.05777262523770332,
        0.07496756315231323,
        -0.1967049241065979,
        0.20410114526748657,
        -0.0923876091837883,
        0.015588531270623207,
        -0.14676810801029205,
        0.10368415713310242,
        -0.04350592941045761,
        0.08441892266273499,
        -0.09946285933256149,
        0.056400105357170105,
        0.06021694466471672,
        -0.024890726432204247,
        0.13372252881526947,
        -0.052955880761146545,
        0.14417408406734467,
        0.032955482602119446,
        -0.08787462115287781,
        -0.12222214043140411,
        -0.07041313499212265,
        -0.018561169505119324,
        -0.032337870448827744,
        -0.008295505307614803,
        -0.08631277829408646,
        -0.06606031209230423,
        0.009761103428900242,
        -0.10531723499298096,
        -0.05944019928574562,
        -0.03005208820104599,
        -0.04227195307612419,
        -0.10565333813428879,
        0.13919122517108917,
        0.2171831578016281,
        -0.10812858492136002,
        -0.2184937596321106,
        0.040515996515750885,
        -0.1878344863653183,
        -0.03866748511791229,
        -0.1314411461353302,
        -0.048195209354162216,
        -0.003441839013248682,
        0.027619758620858192,
        -0.035419270396232605,
        0.08804517984390259,
        0.07182041555643082,
        -0.17324459552764893,
        0.025901861488819122,
        0.08367231488227844,
        -0.1212993785738945,
        -0.12241989374160767,
        0.006867591291666031,
        -0.16319845616817474,
        -0.1387908160686493,
        0.07421904057264328,
        -0.04687461629509926,
        0.020459812134504318,
        -0.13104818761348724,
        0.044328030198812485,
        0.1312805563211441,
        0.10174140334129333,
        -0.02038438618183136,
        -0.05855737626552582,
        -0.042602282017469406,
        -0.02841290272772312,
        0.017801282927393913,
        0.13682886958122253,
        -0.0957796648144722,
        0.10177578777074814,
        -0.10247493535280228,
        -0.005263871513307095,
        -0.02218060940504074,
        -0.1328173577785492,
        -0.028725674375891685,
        -0.12744520604610443,
        0.11436036229133606,
        0.0007261583814397454,
        0.05674483999609947,
        0.013608274050056934,
        -0.01758510060608387,
        -0.08356799930334091,
        0.0032212515361607075,
        0.09972569346427917,
        0.10866055637598038,
        0.04268135130405426,
        0.02596001699566841,
        0.13232314586639404,
        -0.12112493067979813,
        0.03945867344737053,
        0.07920993119478226,
        0.1368621438741684,
        0.1171637549996376,
        -0.15305590629577637,
        0.02204976975917816,
        0.10672421008348465,
        -0.07415873557329178,
        -0.001469411887228489,
        -0.056322772055864334,
        -0.0581790953874588,
        -0.1039937436580658,
        -0.09730038046836853,
        -0.1560283601284027,
        0.1646825522184372,
        -0.12431327253580093,
        0.14771294593811035,
        0.10499110072851181,
        0.13667233288288116,
        0.04306305944919586,
        0.06512435525655746,
        0.08545878529548645,
        0.11607205867767334,
        -0.10144330561161041,
        0.003744034096598625,
        -0.03779397904872894,
        -0.11635351181030273,
        0.09512671083211899,
        0.024413764476776123,
        -0.05128581449389458,
        -0.0232084970921278
    ],