{
    "MAPE": 34.25891524641184,
    "AKURASI": 65.74108475358815,
    "model_name": "Bidirectional_GRU_FF_X_ANAMBAS"
}