{
    "Training Performance": {
        "RMSE": 0.6028838201982927,
        "MAPE": 15.346148618822236,
        "Accuracy": 84.65385138117776
    },
    "Testing Performance": {
        "RMSE": 1.0163386659214817,
        "MAPE": 27.557214219375386,
        "Accuracy": 72.44278578062462
    },
    "Model Name": "Bidirectional_GRU_FF_AVG_ANAMBAS",
    "Bobot": [
        -0.09318295121192932,
        -0.20138569176197052,
        -0.29441961646080017,
        0.08085783571004868,
        -0.25871598720550537,
        0.14723528921604156,
        -0.02241523750126362,
        -0.06380952894687653,
        0.013381700031459332,
        -0.4056730270385742,
        -0.35418474674224854,
        -0.29708167910575867,
        -0.11473188549280167,
        -0.07909487187862396,
        -0.21323104202747345,
        -0.036742907017469406,
        -0.3683635890483856,
        -0.2661381661891937,
        -0.0705672949552536,
        -0.21076937019824982,
        -0.12481926381587982,
        0.23512694239616394,
        0.11008111387491226,
        -0.05716602876782417,
        -0.0828312486410141,
        -0.24246598780155182,
        0.16307567059993744,
        -0.20691394805908203,
        -0.4324055016040802,
        -0.13300161063671112,
        -0.19057558476924896,
        -0.3497313857078552,
        -0.177927166223526,
        0.022509435191750526,
        -0.2727459669113159,
        -0.19945558905601501,
        -0.08866766840219498,
        0.24968355894088745,
        -0.0093142781406641,
        -0.030871612951159477,
        -0.23666775226593018,
        -0.19392754137516022,
        -0.16773992776870728,
        0.20479002594947815,
        -0.15911877155303955,
        0.0797530859708786,
        0.05003826320171356,
        -0.017008496448397636,
        -0.06874559074640274,
        -0.2953779995441437,
        -0.20603130757808685,
        -0.3694898188114166,
        -0.28007972240448,
        -0.23138397932052612,
        -0.21741391718387604,
        -0.1258876621723175,
        0.07374083250761032,
        -0.3140247166156769,
        -0.014410335570573807,
        -0.23079083859920502,
        -0.08073975890874863,
        -0.15213394165039062,
        -0.1546848565340042,
        -0.15474732220172882,
        -0.11135082691907883,
        0.031824249774217606,
        -0.32567474246025085,
        -0.15117445588111877,
        0.4834621548652649,
        -0.058656081557273865,
        -0.24205297231674194,
        -0.22601240873336792,
        -0.134834423661232,
        -0.3273961544036865,
        -0.3464566767215729,
        0.18373793363571167,
        0.17659130692481995,
        -0.12145085632801056,
        -0.13630957901477814,
        0.19830234348773956,
        0.33579298853874207,
        0.0933036282658577,
        -0.19082066416740417,
        -0.3838023543357849,
        -0.14568130671977997,
        -0.0379398837685585,
        -0.3360322117805481,
        -0.21218445897102356,
        -0.046868398785591125,
        -0.18615926802158356,
        0.05939413979649544,
        -0.07195156812667847,
        -0.14820852875709534,
        -0.2492506057024002,
        0.0033681541681289673,
        0.1533028483390808,
        0.296223521232605,
        -0.013652273453772068,
        -0.3052060604095459,
        -0.316443532705307,
        -0.09780452400445938,
        -0.15920232236385345,
        -0.03972494974732399,
        0.03602658584713936,
        -0.046410560607910156,
        -0.39149683713912964,
        0.02126440778374672,
        0.01935070939362049,
        -0.15254148840904236,
        -0.1072499230504036,
        -0.07563530653715134,
        -0.02405724488198757,
        -0.15495844185352325,
        -0.34543126821517944,
        -0.20830360054969788,
        -0.2985631227493286,
        0.3076542317867279,
        0.241390660405159,
        -0.3575291335582733,
        0.19472165405750275,
        -0.06039634719491005,
        -0.2825693190097809,
        0.20456786453723907,
        -0.005900477524846792,
        -0.35202088952064514,
        0.02320437878370285,
        0.09036055207252502,
        0.03399953991174698,
        -0.22411589324474335,
        0.32210615277290344,
        0.2554740011692047,
        0.04309380427002907,
        0.06142130866646767,
        -0.14537180960178375,
        0.052204132080078125,
        0.16890379786491394,
        -0.19295485317707062,
        0.2149515300989151,
        0.21615171432495117,
        0.23908938467502594,
        0.06974026560783386,
        -0.05822445824742317,
        -0.1403370052576065,
        0.024101685732603073,
        -0.015339718200266361,
        0.29804345965385437,
        -0.10887183248996735,
        -0.3364178240299225,
        0.2416895627975464,
        -0.13830602169036865,
        -0.2009165734052658,
        0.2729652225971222,
        0.047958895564079285,
        0.08678096532821655,
        -0.10063635557889938,
        0.19605030119419098,
        0.18876910209655762,
        -0.17487850785255432,
        -0.16856347024440765,
        -0.28761300444602966,
        -0.02663535065948963,
        0.0327230840921402,
        0.1786269098520279,
        0.24564822018146515,
        0.2633782923221588,
        0.14653564989566803,
        -0.22761742770671844,
        0.02586193196475506,
        -0.32636967301368713,
        0.23213499784469604,
        -0.22863811254501343,
        -0.040284719318151474,
        -0.1574084460735321,
        0.030281882733106613,
        -0.26414602994918823,
        -0.13741853833198547,
        0.05508972331881523,
        0.15618734061717987,
        0.27421560883522034,
        0.2146809846162796,
        -0.009097457863390446,
        -0.3064311742782593,
        0.2791310250759125,
        -0.12460695952177048,
        -0.0593198724091053,
        -0.2031080275774002,
        0.019530393183231354,
        0.10437566041946411,
        -0.20561303198337555,
        -0.3256387710571289,
        -0.2550612688064575,
        0.23482468724250793
    ],