{
    "Training Performance": {
        "RMSE": 0.6569547004234456,
        "MAPE": 16.36659832589655,
        "Accuracy": 83.63340167410345
    },
    "Testing Performance": {
        "RMSE": 1.1482896412210253,
        "MAPE": 30.335361182611543,
        "Accuracy": 69.66463881738846
    },
    "Model Name": "Bidirectional_GRU_FF_AVG_ANAMBAS",
    "Bobot": [
        0.16839566826820374,
        -0.18682006001472473,
        -0.014984172768890858,
        -0.38260433077812195,
        -0.1941424161195755,
        0.13743282854557037,
        -0.07774721086025238,
        -0.4452057182788849,
        -0.10931472480297089,
        -0.21666771173477173,
        -0.38346266746520996,
        -0.4671498239040375,
        -0.08287987112998962,
        -0.4029124975204468,
        -0.12965194880962372,
        -0.33000487089157104,
        -0.08913735300302505,
        -0.10985277593135834,
        0.06741835176944733,
        -0.13403983414173126,
        -0.5488464832305908,
        -0.15312017500400543,
        0.04391276463866234,
        -0.4210130572319031,
        0.15237215161323547,
        -0.15308137238025665,
        -0.18004123866558075,
        -0.37774035334587097,
        0.024587534368038177,
        -0.06098552420735359,
        -0.3205946385860443,
        -0.23698700964450836,
        -0.15259429812431335,
        -0.2768637239933014,
        -0.4741974174976349,
        -0.12631863355636597,
        0.10396196693181992,
        -0.010434220544993877,
        -0.20176273584365845,
        0.03176947310566902,
        0.19650053977966309,
        -0.0037035595159977674,
        -0.023850703611969948,
        -0.032562728971242905,
        0.02588321454823017,
        -0.2203965187072754,
        -0.5336230397224426,
        -0.4521370530128479,
        0.06448118388652802,
        -0.3461362421512604,
        0.02176925726234913,
        -0.4807440936565399,
        -0.3704155683517456,
        -0.3077143430709839,
        -0.3034876883029938,
        -0.1388862282037735,
        -0.33323803544044495,
        -0.02984115295112133,
        -0.27980902791023254,
        -0.2581478953361511,
        -0.07273882627487183,
        0.061185844242572784,
        -0.0031562792137265205,
        -0.37572818994522095,
        -0.2224007397890091,
        -0.40389519929885864,
        -0.11106643825769424,
        0.22269558906555176,
        -0.12824775278568268,
        -0.09376262873411179,
        0.005216235760599375,
        -0.34900033473968506,
        -0.010302561335265636,
        -0.06896355748176575,
        -0.2928318679332733,
        -0.19992278516292572,
        0.032300662249326706,
        -0.20451363921165466,
        0.01155111938714981,
        -0.28129762411117554,
        0.03087134286761284,
        -0.04815297946333885,
        0.11111973971128464,
        -0.22264248132705688,
        -0.2597028315067291,
        0.22602228820323944,
        -0.08002659678459167,
        -0.10658756643533707,
        -0.07651545852422714,
        0.0020118574611842632,
        -0.22122488915920258,
        0.02374395914375782,
        -0.07783331722021103,
        -0.09715438634157181,
        -0.08871603012084961,
        0.19797059893608093,
        0.12696035206317902,
        -0.3675987422466278,
        -0.3352324664592743,
        0.17714866995811462,
        -0.0938120037317276,
        -0.12727811932563782,
        -0.16460499167442322,
        -0.08149076998233795,
        -0.10760059207677841,
        0.11353927105665207,
        -0.11235275864601135,
        -0.043706998229026794,
        0.032124634832143784,
        -0.31964221596717834,
        -0.4280015826225281,
        -0.03903008997440338,
        -0.06743182986974716,
        -0.07033952325582504,
        0.2383023202419281,
        -0.327232301235199,
        -0.020112598314881325,
        0.062042541801929474,
        -0.30177417397499084,
        0.1970643252134323,
        -0.09975816309452057,
        -0.2989100515842438,
        -0.04988638684153557,
        -0.4867646396160126,
        -0.048494648188352585,
        -0.09390488266944885,
        0.0665486752986908,
        -0.16832195222377777,
        0.10088878124952316,
        -0.19660109281539917,
        0.0851275771856308,
        -0.1154596358537674,
        0.2180374413728714,
        -0.10401150584220886,
        0.1031804084777832,
        0.2418215572834015,
        0.061753422021865845,
        -0.22945193946361542,
        -0.239082932472229,
        0.34717100858688354,
        -0.14961178600788116,
        0.3090944290161133,
        -0.28959017992019653,
        -0.3324803411960602,
        -0.07142333686351776,
        -0.0434703566133976,
        0.14362598955631256,
        0.1678985208272934,
        0.21150504052639008,
        -0.11481323838233948,
        0.16331051290035248,
        -0.21262836456298828,
        0.09608927369117737,
        -0.11759306490421295,
        0.1790960282087326,
        -0.31890031695365906,
        0.02543153427541256,
        -0.17830204963684082,
        0.2837628722190857,
        -0.18286874890327454,
        -0.19758163392543793,
        -0.15326900780200958,
        0.23876552283763885,
        -0.08723059296607971,
        0.19816933572292328,
        0.002005860675126314,
        0.1636926680803299,
        -0.04831387847661972,
        -0.09655898809432983,
        0.16986481845378876,
        0.046541184186935425,
        0.10510531812906265,
        -0.10721961408853531,
        -0.19020883738994598,
        0.2354818433523178,
        0.20329110324382782,
        0.1419317126274109,
        0.2661689221858978,
        0.04596191644668579,
        -0.1864294558763504,
        -0.20088300108909607,
        -0.15129435062408447,
        0.21823886036872864,
        -0.08720527589321136,
        0.13309083878993988,
        0.150361105799675,
        -0.21364234387874603,
        0.34606415033340454,
        -0.13007935881614685,
        -0.02983563207089901,
        0.111918605864048,
        -0.23070713877677917
    ],