{
    "Training Performance": {
        "RMSE": 2.0165448767282963,
        "MAPE": 24.593275431339183,
        "Accuracy": 75.40672456866082
    },
    "Testing Performance": {
        "RMSE": 2.3701745773556953,
        "MAPE": 30.02017639290354,
        "Accuracy": 69.97982360709646
    },
    "Model Name": "Bidirectional_GRU_FF_X_ANAMBAS",
    "Bobot": [
        0.15974412858486176,
        0.31553858518600464,
        -0.18991799652576447,
        0.07749319076538086,
        0.15474539995193481,
        -0.14898982644081116,
        -0.2014864832162857,
        -0.04692339524626732,
        -0.22541113197803497,
        -0.05045174062252045,
        -0.11685175448656082,
        0.4991703927516937,
        -0.09342119097709656,
        0.5334835052490234,
        0.5222490429878235,
        -0.13306660950183868,
        0.3975216746330261,
        -0.13986921310424805,
        0.10560522973537445,
        -0.22339686751365662,
        -0.15070146322250366,
        -0.0038550449535250664,
        -0.1195521429181099,
        0.02273072674870491,
        0.4745936095714569,
        -0.04089483991265297,
        0.21443238854408264,
        -0.02042500115931034,
        -0.10850585997104645,
        0.030100757256150246,
        -0.2504810392856598,
        -0.17593197524547577,
        0.05742194876074791,
        -0.2641321122646332,
        0.10990123450756073,
        0.418536514043808,
        -0.15727949142456055,
        0.17400290071964264,
        0.24750696122646332,
        -0.09656032174825668,
        0.2484399527311325,
        -0.1580580770969391,
        -0.24745628237724304,
        0.046869657933712006,
        -0.11832350492477417,
        0.09802678972482681,
        0.007356299087405205,
        -0.24437858164310455,
        -0.07342536002397537,
        0.4441733658313751,
        0.5941487550735474,
        0.5585516691207886,
        0.27436813712120056,
        0.21623000502586365,
        0.10257557034492493,
        0.17602115869522095,
        0.07875753939151764,
        0.337924063205719,
        -0.20302893221378326,
        -0.18756084144115448,
        -0.10109167546033859,
        -0.1304434984922409,
        0.24529916048049927,
        0.5506593585014343,
        -0.1718200445175171,
        -0.027916982769966125,
        0.027125734835863113,
        0.02951204590499401,
        -0.23030108213424683,
        0.09801902621984482,
        -0.1375068724155426,
        -0.11592087149620056,
        -0.13715732097625732,
        -0.11599207669496536,
        -0.06483856588602066,
        -0.2686326801776886,
        0.10246998071670532,
        -0.02802170440554619,
        -0.1899050921201706,
        -0.04043108969926834,
        -0.18584990501403809,
        -0.09962867200374603,
        -0.18117640912532806,
        0.016856256872415543,
        -0.043918099254369736,
        -0.1796649545431137,
        0.08327821642160416,
        -0.05527680739760399,
        -0.09375383704900742,
        -0.20421674847602844,
        0.09112598747015,
        -0.059980761259794235,
        0.07198064029216766,
        0.04285832494497299,
        -0.06539902836084366,
        -0.2126503884792328,
        0.06372368335723877,
        0.10373535752296448,
        0.06479369103908539,
        0.14069265127182007,
        0.09038548916578293,
        -0.09254734218120575,
        -0.057170093059539795,
        -0.20432446897029877,
        -0.13475431501865387,
        -0.14416243135929108,
        -0.0003356357046868652,
        0.09698013961315155,
        0.11967550963163376,
        -0.14942879974842072,
        -0.033683545887470245,
        0.04268698766827583,
        -0.05680639669299126,
        0.009889515116810799,
        -0.17472201585769653,
        -0.18258920311927795,
        0.028730124235153198,
        -0.012986057437956333,
        0.04344520345330238,
        0.0678684413433075,
        0.01061277650296688,
        -0.044218648225069046,
        -0.01902206614613533,
        -0.1980152726173401,
        0.10935597866773605,
        -0.029232246801257133,
        0.06096113100647926,
        -0.1539587676525116,
        -0.014888876117765903,
        -0.030777156352996826,
        -0.09705661237239838,
        -0.005895573180168867,
        -0.027593126520514488,
        0.1408764272928238,
        -0.039896298199892044,
        -0.09864286333322525,
        0.09041374176740646,
        -0.14340029656887054,
        0.084695965051651,
        0.12110257893800735,
        0.0036959885619580746,
        -0.05832599475979805,
        -0.13216732442378998,
        0.03713881969451904,
        0.1841963231563568,
        -0.051752179861068726,
        0.10839708894491196,
        0.08153851330280304,
        0.16303594410419464,
        -0.0037198273930698633,
        -0.15755663812160492,
        -0.12947912514209747,
        0.18906117975711823,
        -0.1665235161781311,
        0.13478675484657288,
        -0.15171341598033905,
        -0.07106763869524002,
        0.020106030628085136,
        -0.11476314812898636,
        0.07641974091529846,
        -0.018804702907800674,
        0.14661991596221924,
        0.17355108261108398,
        0.09346135705709457,
        0.026858119294047356,
        -0.16868643462657928,
        0.1723959743976593,
        -0.161368265748024,
        -0.11773402988910675,
        -0.17640817165374756,
        0.10406401008367538,
        0.09645934402942657,
        0.1402139961719513,
        -0.16291174292564392,
        -0.1521844118833542,
        -0.12757664918899536,
        0.0034059432800859213,
        0.06997068971395493,
        -0.09327004849910736,
        0.1454177051782608,
        0.015170042403042316,
        0.03229639306664467,
        -0.04921166971325874,
        -0.00576258497312665,
        -0.08323779702186584,
        0.187697634100914,
        -0.14939536154270172,
        0.048476215451955795,
        0.15072627365589142,
        0.04250847548246384,
        -0.1436973661184311,
        0.14096955955028534
    ],