{
    "Training Performance": {
        "RMSE": 0.6481413487923677,
        "MAPE": 30.689559166491588,
        "Accuracy": 69.31044083350841
    },
    "Testing Performance": {
        "RMSE": 0.6871867242839329,
        "MAPE": 33.77453752613943,
        "Accuracy": 66.22546247386057
    },
    "Model Name": "Bidirectional_GRU_FF_AVG_TANJUNGPINANG",
    "Bobot": [
        -0.18154816329479218,
        -0.044163286685943604,
        0.18433570861816406,
        0.04985224828124046,
        0.12124820798635483,
        0.1386844366788864,
        -0.09570018202066422,
        -0.0012365449219942093,
        0.12785997986793518,
        -0.012172451242804527,
        0.04623318836092949,
        0.11478644609451294,
        0.0013371279928833246,
        -0.12198643386363983,
        0.145381361246109,
        -0.00903915986418724,
        0.02178078144788742,
        0.09893257915973663,
        -0.10579166561365128,
        0.19860684871673584,
        0.09503377974033356,
        0.025012290105223656,
        -0.0665355697274208,
        0.07274355739355087,
        0.0277774129062891,
        -0.05396382138133049,
        0.05406532436609268,
        -0.012257345020771027,
        -0.13110345602035522,
        0.07115885615348816,
        -0.10298127681016922,
        0.07925248891115189,
        0.06207999587059021,
        0.14378222823143005,
        -0.11359468102455139,
        -0.05606123059988022,
        -0.12217076122760773,
        -0.1304064244031906,
        -0.006159004755318165,
        0.13830679655075073,
        0.14778368175029755,
        -0.021827662363648415,
        0.0002710276748985052,
        -0.02492024190723896,
        0.19749891757965088,
        0.12152856588363647,
        0.13330888748168945,
        -0.10589718073606491,
        0.055060941725969315,
        -0.1859845072031021,
        0.16192620992660522,
        0.06879106909036636,
        0.13989442586898804,
        -0.16103871166706085,
        -0.014655020087957382,
        0.034175384789705276,
        0.1768193244934082,
        0.07797138392925262,
        0.17052680253982544,
        -0.13458754122257233,
        -0.12801599502563477,
        -0.0851934477686882,
        0.03481318801641464,
        -0.016273487359285355,
        -0.02069474570453167,
        -0.07585260272026062,
        -0.09891694039106369,
        0.09906384348869324,
        0.10803169757127762,
        0.03065262921154499,
        -0.12893831729888916,
        -0.21690304577350616,
        -0.1742594689130783,
        -0.20574794709682465,
        -0.1762036383152008,
        -0.1400040090084076,
        0.09698361158370972,
        0.07154855132102966,
        -0.01902112551033497,
        -0.05970444157719612,
        0.13305053114891052,
        -0.035511791706085205,
        -0.10277613997459412,
        0.02833135612308979,
        0.060604728758335114,
        -0.08117549866437912,
        -0.05359569191932678,
        -0.07338452339172363,
        0.08435223996639252,
        0.02603907324373722,
        0.12145599722862244,
        0.007839076220989227,
        0.06980351358652115,
        0.06528468430042267,
        -0.033815741539001465,
        -0.1269361525774002,
        -0.19338282942771912,
        -0.1232134997844696,
        0.2284378856420517,
        0.10598880052566528,
        0.005581923760473728,
        -0.10919839143753052,
        -0.07286319881677628,
        0.09689634293317795,
        0.12224484235048294,
        -0.16736914217472076,
        0.0985175147652626,
        -0.20990301668643951,
        -0.11470091342926025,
        -0.13495193421840668,
        0.0781853199005127,
        -0.02587021514773369,
        -0.14169882237911224,
        -0.06677445024251938,
        -0.02017110586166382,
        -0.06049521267414093,
        0.10363324731588364,
        0.10147624462842941,
        -0.13953576982021332,
        0.0393945686519146,
        -0.03255348280072212,
        0.01986723206937313,
        0.11534275859594345,
        -0.17818813025951385,
        -0.1409098505973816,
        0.13493584096431732,
        0.01361059956252575,
        0.028434935957193375,
        0.16134941577911377,
        0.1347585916519165,
        0.14372755587100983,
        0.1927695870399475,
        0.09097584336996078,
        0.0459798127412796,
        0.14880436658859253,
        -0.02734588272869587,
        0.15966476500034332,
        -0.06307240575551987,
        0.053596850484609604,
        -0.04093482717871666,
        0.13060641288757324,
        0.09478314220905304,
        -0.16543450951576233,
        -0.032869040966033936,
        -0.1318129301071167,
        0.08809519559144974,
        0.12680365145206451,
        0.1602563112974167,
        0.03744124621152878,
        0.10077176988124847,
        -0.10080943256616592,
        -0.023040959611535072,
        -0.10248582065105438,
        0.09733723849058151,
        0.13869185745716095,
        0.1206294372677803,
        -0.057076454162597656,
        -0.04182465746998787,
        -0.007734109181910753,
        0.11150054633617401,
        0.12209264934062958,
        -0.026686416938900948,
        -0.08430100232362747,
        -0.1055356040596962,
        -0.08463267982006073,
        0.006373806390911341,
        -5.4282776545733213e-05,
        -0.10060896724462509,
        0.11206017434597015,
        -0.02553776279091835,
        -0.009134002961218357,
        0.06777681410312653,
        -0.09966074675321579,
        0.16725783050060272,
        -0.09341178834438324,
        -0.1377650797367096,
        -0.06908535957336426,
        -0.14687275886535645,
        -0.13960060477256775,
        -0.0381801538169384,
        0.1297609806060791,
        -0.012691853567957878,
        -0.14152520895004272,
        -0.10918804258108139,
        -0.1907711625099182,
        0.055031970143318176,
        0.047859691083431244,
        -0.15522804856300354,
        0.035431426018476486,
        0.09856181591749191,
        -0.08817258477210999,
        -0.10598237067461014
    ],