{
    "Training Performance": {
        "RMSE": 1.9964823324811354,
        "MAPE": 26.533371018873357,
        "Accuracy": 73.46662898112665
    },
    "Testing Performance": {
        "RMSE": 2.337727632711702,
        "MAPE": 32.305589191870496,
        "Accuracy": 67.6944108081295
    },
    "Model Name": "Bidirectional_GRU_FF_X_ANAMBAS",
    "Bobot": [
        0.13077197968959808,
        0.08504383265972137,
        -0.11324059963226318,
        -0.11869101971387863,
        -0.07873044162988663,
        -0.025793548673391342,
        0.12907490134239197,
        0.06854048371315002,
        -0.039404794573783875,
        0.21839584410190582,
        -0.005927897524088621,
        0.09338097274303436,
        -0.069120854139328,
        0.18064850568771362,
        0.05645717680454254,
        0.08556991815567017,
        0.15272623300552368,
        -0.02677222155034542,
        0.12123506516218185,
        0.03880057483911514,
        0.07923318445682526,
        -0.06563886255025864,
        0.14029261469841003,
        0.08826545625925064,
        -0.05315764620900154,
        -0.09131062030792236,
        0.10156653821468353,
        -0.10525170713663101,
        -0.02225036732852459,
        -0.01844097673892975,
        -0.042855825275182724,
        -0.023460309952497482,
        0.15247449278831482,
        -0.14269277453422546,
        0.13221214711666107,
        -0.043603334575891495,
        0.022684821859002113,
        -0.09919854998588562,
        -0.1262304037809372,
        -0.010923091322183609,
        0.09513165801763535,
        0.14115256071090698,
        0.17976506054401398,
        0.07017435878515244,
        -0.07736377418041229,
        -0.03490087017416954,
        0.12736208736896515,
        0.07490496337413788,
        -0.08420795947313309,
        -0.05976320803165436,
        0.15377718210220337,
        -0.08628610521554947,
        0.15215541422367096,
        -0.06088973954319954,
        -0.043741289526224136,
        -0.0980004072189331,
        0.1129082664847374,
        -0.10631442070007324,
        0.0879986509680748,
        0.03895256668329239,
        0.05650287866592407,
        -0.01887211576104164,
        0.017540279775857925,
        -0.04696180671453476,
        0.01315389759838581,
        0.18025995790958405,
        0.060410115867853165,
        -0.0728667601943016,
        -0.14205974340438843,
        -0.008543865755200386,
        0.13233770430088043,
        -0.018685609102249146,
        0.021904516965150833,
        0.0945180281996727,
        0.12486452609300613,
        -0.18125507235527039,
        0.0888265073299408,
        0.07589542120695114,
        -0.14760151505470276,
        -0.08233308047056198,
        -0.1648130863904953,
        -0.10896766185760498,
        -0.12525123357772827,
        -0.07204484939575195,
        0.01133210863918066,
        -0.10944896936416626,
        -0.18175290524959564,
        0.011613242328166962,
        0.04700397700071335,
        0.057951945811510086,
        0.016332274302840233,
        0.05231538787484169,
        0.034142933785915375,
        0.06560783833265305,
        -0.001418614061549306,
        -0.08807548880577087,
        0.11432775855064392,
        0.003918434493243694,
        0.10079539567232132,
        -0.21045613288879395,
        0.07932926714420319,
        0.08572466671466827,
        -0.09907972067594528,
        -0.1324051022529602,
        0.06749935448169708,
        0.007004810497164726,
        0.002362457336857915,
        -0.09101589024066925,
        0.021326236426830292,
        0.06681334227323532,
        -0.20964917540550232,
        0.12170223146677017,
        -0.20698560774326324,
        0.11035065352916718,
        0.002616550074890256,
        -0.18438105285167694,
        -0.15342894196510315,
        0.03119964525103569,
        -0.1996661126613617,
        0.061152972280979156,
        -0.08793051540851593,
        0.0694383755326271,
        -0.013694614171981812,
        -0.18102942407131195,
        -0.156706303358078,
        0.03256210312247276,
        -0.14263467490673065,
        -0.21080105006694794,
        -0.045135125517845154,
        -0.03856368735432625,
        -0.020463591441512108,
        0.09147287905216217,
        0.013723263517022133,
        -0.16601935029029846,
        0.022761661559343338,
        0.08631835132837296,
        -0.1517946720123291,
        -0.1786678433418274,
        0.04551849514245987,
        -0.07415621727705002,
        -0.06609821319580078,
        0.05145183578133583,
        -0.1796746551990509,
        0.004152551293373108,
        0.11706919223070145,
        0.10796782374382019,
        0.1456586867570877,
        0.06442888081073761,
        0.12076348066329956,
        0.0389397069811821,
        0.004524553194642067,
        -0.12377307564020157,
        -0.11372914910316467,
        0.09316383302211761,
        0.13018514215946198,
        0.0767771378159523,
        0.04075073450803757,
        0.0798589438199997,
        0.11479225009679794,
        0.05816365033388138,
        -0.092805877327919,
        -0.07522476464509964,
        -0.0028696549125015736,
        0.061881568282842636,
        0.10895396769046783,
        -0.14038865268230438,
        0.007931702770292759,
        -0.08590059727430344,
        -0.11103064566850662,
        0.01775575987994671,
        0.1277163028717041,
        0.07316397875547409,
        -0.0151129812002182,
        -0.1554686725139618,
        -0.047651536762714386,
        0.10125953704118729,
        0.1468355506658554,
        0.006438881624490023,
        -0.09684696048498154,
        -0.015181510709226131,
        0.13976916670799255,
        -0.023313401266932487,
        0.09574367851018906,
        -0.11555678397417068,
        0.08782739192247391,
        -0.11292390525341034,
        -0.15368075668811798,
        0.12388600409030914,
        0.11487230658531189,
        -0.020546365529298782,
        -0.019253134727478027,
        0.0007554517942480743,
        0.037866346538066864,
        -0.14125019311904907,
        -0.13931001722812653,
        -0.1477482169866562,
        -0.09549225866794586,
        -0.05878279358148575,
        0.025512445718050003,
        0.11544700711965561,
        -0.06853631883859634,
        -0.016342392191290855,
        -0.13277605175971985,
        -0.15999409556388855,
        -0.07251060754060745,
        0.15135085582733154,
        0.07686865329742432,
        0.015375541523098946,
        -0.10552848875522614,
        0.00563657283782959,
        -0.11598493158817291,
        0.024373849853873253,
        0.09114133566617966,
        0.047201499342918396,
        -0.07919174432754517,
        0.12985993921756744,
        0.07835326343774796,
        -0.0580684170126915,
        -0.04473477974534035,
        0.1423780769109726,
        0.049785465002059937,
        -0.08644445240497589,
        0.08606140315532684,
        -0.1404247283935547,
        0.14983172714710236
    ],